library,category,study_area,file_type,size_bytes,status,relative_path
english,根目录,vocabulary,epub,19385758,active,100个句子记完7000个雅思单词 (俞敏洪) (Z-Library).epub
english,Chapter 11 综合测试音频,listening,mp3,78586819,active,Chapter 11 综合测试音频/第十一章Section1.mp3
english,Chapter 11 综合测试音频,listening,mp3,85301333,active,Chapter 11 综合测试音频/第十一章Section2.mp3
english,Chapter 11 综合测试音频,listening,mp3,74578591,active,Chapter 11 综合测试音频/第十一章Section3.mp3
english,Chapter 11 综合测试音频,listening,mp3,102057317,active,Chapter 11 综合测试音频/第十一章Section4.mp3
english,Chapter 3 雅思听力特别名词语料库,listening,mp3,14341686,active,Chapter 3 雅思听力特别名词语料库/01 预测试/预测试.mp3
english,Chapter 3 雅思听力特别名词语料库,listening,mp3,4693725,active,Chapter 3 雅思听力特别名词语料库/02 横向测试/01 Test 1-横向测试.mp3
english,Chapter 3 雅思听力特别名词语料库,listening,mp3,5838724,active,Chapter 3 雅思听力特别名词语料库/02 横向测试/02 Test 2-横向测试.mp3
english,Chapter 3 雅思听力特别名词语料库,listening,mp3,4610133,active,Chapter 3 雅思听力特别名词语料库/02 横向测试/03 Test 3-横向测试.mp3
english,Chapter 3 雅思听力特别名词语料库,listening,mp3,4492478,active,Chapter 3 雅思听力特别名词语料库/02 横向测试/04 Test 4-横向测试.mp3
english,Chapter 3 雅思听力特别名词语料库,listening,mp3,5892223,active,Chapter 3 雅思听力特别名词语料库/02 横向测试/05 Test 5-横向测试.mp3
english,Chapter 3 雅思听力特别名词语料库,listening,mp3,4619328,active,Chapter 3 雅思听力特别名词语料库/02 横向测试/06 Test 6-横向测试.mp3
english,Chapter 3 雅思听力特别名词语料库,listening,mp3,4263227,active,Chapter 3 雅思听力特别名词语料库/02 横向测试/07 Test 7-横向测试.mp3
english,Chapter 3 雅思听力特别名词语料库,listening,mp3,6167031,active,Chapter 3 雅思听力特别名词语料库/02 横向测试/08 Test 8-横向测试.mp3
english,Chapter 3 雅思听力特别名词语料库,listening,mp3,5703515,active,Chapter 3 雅思听力特别名词语料库/02 横向测试/09 Test 9-横向测试.mp3
english,Chapter 3 雅思听力特别名词语料库,listening,mp3,3681010,active,Chapter 3 雅思听力特别名词语料库/03 纵向测试/01 Test 1-纵向测试.mp3
english,Chapter 3 雅思听力特别名词语料库,listening,mp3,4650884,active,Chapter 3 雅思听力特别名词语料库/03 纵向测试/02 Test 2-纵向测试.mp3
english,Chapter 3 雅思听力特别名词语料库,listening,mp3,3802845,active,Chapter 3 雅思听力特别名词语料库/03 纵向测试/03 Test 3-纵向测试.mp3
english,Chapter 3 雅思听力特别名词语料库,listening,mp3,3625630,active,Chapter 3 雅思听力特别名词语料库/03 纵向测试/04 Test 4-纵向测试.mp3
english,Chapter 3 雅思听力特别名词语料库,listening,mp3,4722773,active,Chapter 3 雅思听力特别名词语料库/03 纵向测试/05 Test 5-纵向测试.mp3
english,Chapter 3 雅思听力特别名词语料库,listening,mp3,3697728,active,Chapter 3 雅思听力特别名词语料库/03 纵向测试/06 Test 6-纵向测试.mp3
english,Chapter 3 雅思听力特别名词语料库,listening,mp3,3515916,active,Chapter 3 雅思听力特别名词语料库/03 纵向测试/07 Test 7-纵向测试.mp3
english,Chapter 3 雅思听力特别名词语料库,listening,mp3,4867596,active,Chapter 3 雅思听力特别名词语料库/03 纵向测试/08 Test 8-纵向测试.mp3
english,Chapter 3 雅思听力特别名词语料库,listening,mp3,4567293,active,Chapter 3 雅思听力特别名词语料库/03 纵向测试/09 Test 9-纵向测试.mp3
english,Chapter 4 雅思听力形容词副词语料库,listening,mp3,2727854,active,Chapter 4 雅思听力形容词副词语料库/01 预测试/预测试.mp3
english,Chapter 4 雅思听力形容词副词语料库,listening,mp3,4463639,active,Chapter 4 雅思听力形容词副词语料库/02 横向测试/01 形容词 Test 1-横向测试.mp3
english,Chapter 4 雅思听力形容词副词语料库,listening,mp3,4359776,active,Chapter 4 雅思听力形容词副词语料库/02 横向测试/02 形容词 Test 2-横向测试.mp3
english,Chapter 4 雅思听力形容词副词语料库,listening,mp3,5311260,active,Chapter 4 雅思听力形容词副词语料库/02 横向测试/03 形容词 Test 3-横向测试.mp3
english,Chapter 4 雅思听力形容词副词语料库,listening,mp3,748399,active,Chapter 4 雅思听力形容词副词语料库/02 横向测试/04 形容词 Test 4-横向测试.mp3
english,Chapter 4 雅思听力形容词副词语料库,listening,mp3,3655933,active,Chapter 4 雅思听力形容词副词语料库/03 纵向测试/01 形容词 Test 1-纵向测试.mp3
english,Chapter 4 雅思听力形容词副词语料库,listening,mp3,3659694,active,Chapter 4 雅思听力形容词副词语料库/03 纵向测试/02 形容词 Test 2-纵向测试.mp3
english,Chapter 4 雅思听力形容词副词语料库,listening,mp3,4339296,active,Chapter 4 雅思听力形容词副词语料库/03 纵向测试/03 形容词 Test 3-纵向测试.mp3
english,Chapter 4 雅思听力形容词副词语料库,listening,mp3,830946,active,Chapter 4 雅思听力形容词副词语料库/03 纵向测试/04 形容词 Test 4-纵向测试.mp3
english,Chapter 5 吞音连读混合训练语料库,listening,mp3,16437124,active,Chapter 5 吞音连读混合训练语料库/01 预测试/预测试.mp3
english,Chapter 5 吞音连读混合训练语料库,listening,mp3,4969787,active,Chapter 5 吞音连读混合训练语料库/02 横向测试/01 Test 1-横向测试.mp3
english,Chapter 5 吞音连读混合训练语料库,listening,mp3,6151567,active,Chapter 5 吞音连读混合训练语料库/02 横向测试/010 Test 10-横向测试.mp3
english,Chapter 5 吞音连读混合训练语料库,listening,mp3,5495789,active,Chapter 5 吞音连读混合训练语料库/02 横向测试/011 Test 11-横向测试.mp3
english,Chapter 5 吞音连读混合训练语料库,listening,mp3,9683113,active,Chapter 5 吞音连读混合训练语料库/02 横向测试/012 Test 12-横向测试.mp3
english,Chapter 5 吞音连读混合训练语料库,listening,mp3,4805529,active,Chapter 5 吞音连读混合训练语料库/02 横向测试/02 Test 2-横向测试.mp3
english,Chapter 5 吞音连读混合训练语料库,listening,mp3,4935933,active,Chapter 5 吞音连读混合训练语料库/02 横向测试/03 Test 3-横向测试.mp3
english,Chapter 5 吞音连读混合训练语料库,listening,mp3,4532184,active,Chapter 5 吞音连读混合训练语料库/02 横向测试/04 Test 4-横向测试.mp3
english,Chapter 5 吞音连读混合训练语料库,listening,mp3,4252569,active,Chapter 5 吞音连读混合训练语料库/02 横向测试/05 Test 5-横向测试.mp3
english,Chapter 5 吞音连读混合训练语料库,listening,mp3,4645033,active,Chapter 5 吞音连读混合训练语料库/02 横向测试/06 Test 6-横向测试.mp3
english,Chapter 5 吞音连读混合训练语料库,listening,mp3,5550959,active,Chapter 5 吞音连读混合训练语料库/02 横向测试/07 Test 7-横向测试.mp3
english,Chapter 5 吞音连读混合训练语料库,listening,mp3,6129415,active,Chapter 5 吞音连读混合训练语料库/02 横向测试/08 Test 8-横向测试.mp3
english,Chapter 5 吞音连读混合训练语料库,listening,mp3,6284687,active,Chapter 5 吞音连读混合训练语料库/02 横向测试/09 Test 9-横向测试.mp3
english,Chapter 5 吞音连读混合训练语料库,listening,mp3,4133033,active,Chapter 5 吞音连读混合训练语料库/03 纵向测试/01 Test 1-纵向测试.mp3
english,Chapter 5 吞音连读混合训练语料库,listening,mp3,5355355,active,Chapter 5 吞音连读混合训练语料库/03 纵向测试/010 Test 10-纵向测试.mp3
english,Chapter 5 吞音连读混合训练语料库,listening,mp3,4724863,active,Chapter 5 吞音连读混合训练语料库/03 纵向测试/011 Test 11-纵向测试.mp3
english,Chapter 5 吞音连读混合训练语料库,listening,mp3,8441983,active,Chapter 5 吞音连读混合训练语料库/03 纵向测试/012 Test 12-纵向测试.mp3
english,Chapter 5 吞音连读混合训练语料库,listening,mp3,3962715,active,Chapter 5 吞音连读混合训练语料库/03 纵向测试/02 Test 2-纵向测试.mp3
english,Chapter 5 吞音连读混合训练语料库,listening,mp3,4125719,active,Chapter 5 吞音连读混合训练语料库/03 纵向测试/03 Test 3-纵向测试.mp3
english,Chapter 5 吞音连读混合训练语料库,listening,mp3,3908798,active,Chapter 5 吞音连读混合训练语料库/03 纵向测试/04 Test 4-纵向测试.mp3
english,Chapter 5 吞音连读混合训练语料库,listening,mp3,3642976,active,Chapter 5 吞音连读混合训练语料库/03 纵向测试/05 Test 5-纵向测试.mp3
english,Chapter 5 吞音连读混合训练语料库,listening,mp3,3952684,active,Chapter 5 吞音连读混合训练语料库/03 纵向测试/06 Test 6-纵向测试.mp3
english,Chapter 5 吞音连读混合训练语料库,listening,mp3,4790692,active,Chapter 5 吞音连读混合训练语料库/03 纵向测试/07 Test 7-纵向测试.mp3
english,Chapter 5 吞音连读混合训练语料库,listening,mp3,5372909,active,Chapter 5 吞音连读混合训练语料库/03 纵向测试/08 Test 8-纵向测试.mp3
english,Chapter 5 吞音连读混合训练语料库,listening,mp3,5371237,active,Chapter 5 吞音连读混合训练语料库/03 纵向测试/09 Test 9-纵向测试.mp3
english,Chapter 8 雅思听力生存语料库,listening,mp3,6003609,active,Chapter 8 雅思听力生存语料库/01 预测试/预测试.mp3
english,Chapter 8 雅思听力生存语料库,listening,mp3,2175312,active,Chapter 8 雅思听力生存语料库/02 语料训练 1：数字/01 Training 1-Test 1基本语料.mp3
english,Chapter 8 雅思听力生存语料库,listening,mp3,1929343,active,Chapter 8 雅思听力生存语料库/02 语料训练 1：数字/02 Training 1-Test 1特殊语料1.mp3
english,Chapter 8 雅思听力生存语料库,listening,mp3,1397908,active,Chapter 8 雅思听力生存语料库/02 语料训练 1：数字/03 Training 1-Test 1特殊语料2.mp3
english,Chapter 8 雅思听力生存语料库,listening,mp3,1335841,active,Chapter 8 雅思听力生存语料库/02 语料训练 1：数字/04 Training 1-Test 2基本语料.mp3
english,Chapter 8 雅思听力生存语料库,listening,mp3,892177,active,Chapter 8 雅思听力生存语料库/02 语料训练 1：数字/05 Training 1-Test 2特殊语料1.mp3
english,Chapter 8 雅思听力生存语料库,listening,mp3,962604,active,Chapter 8 雅思听力生存语料库/02 语料训练 1：数字/06 Training 1-Test 2特殊语料2.mp3
english,Chapter 8 雅思听力生存语料库,listening,mp3,2022548,active,Chapter 8 雅思听力生存语料库/02 语料训练 1：数字/07 Training 1-Test 3基本语料.mp3
english,Chapter 8 雅思听力生存语料库,listening,mp3,1560285,active,Chapter 8 雅思听力生存语料库/02 语料训练 1：数字/08 Training 1-Test 3特殊语料1.mp3
english,Chapter 8 雅思听力生存语料库,listening,mp3,1901758,active,Chapter 8 雅思听力生存语料库/02 语料训练 1：数字/09 Training 1-Test 3特殊语料2.mp3
english,Chapter 8 雅思听力生存语料库,listening,mp3,1991619,active,Chapter 8 雅思听力生存语料库/02 语料训练 1：数字/10 Training 1-Test 4基本语料.mp3
english,Chapter 8 雅思听力生存语料库,listening,mp3,1554852,active,Chapter 8 雅思听力生存语料库/02 语料训练 1：数字/11 Training 1-Test 4特殊语料1.mp3
english,Chapter 8 雅思听力生存语料库,listening,mp3,1647848,active,Chapter 8 雅思听力生存语料库/02 语料训练 1：数字/12 Training 1-Test 4特殊语料2.mp3
english,Chapter 8 雅思听力生存语料库,listening,mp3,2029026,active,Chapter 8 雅思听力生存语料库/02 语料训练 1：数字/13 Training 1-Test 5基本语料.mp3
english,Chapter 8 雅思听力生存语料库,listening,mp3,1506368,active,Chapter 8 雅思听力生存语料库/02 语料训练 1：数字/14 Training 1-Test 5特殊语料1.mp3
english,Chapter 8 雅思听力生存语料库,listening,mp3,1669999,active,Chapter 8 雅思听力生存语料库/02 语料训练 1：数字/15 Training 1-Test 5特殊语料2.mp3
english,Chapter 8 雅思听力生存语料库,listening,mp3,2072076,active,Chapter 8 雅思听力生存语料库/03 语料训练 2：字母和数字/01 Training 2-Test 1基本语料.mp3
english,Chapter 8 雅思听力生存语料库,listening,mp3,1568853,active,Chapter 8 雅思听力生存语料库/03 语料训练 2：字母和数字/02 Training 2-Test 1特殊语料1.mp3
english,Chapter 8 雅思听力生存语料库,listening,mp3,1887756,active,Chapter 8 雅思听力生存语料库/03 语料训练 2：字母和数字/03 Training 2-Test 1特殊语料2.mp3
english,Chapter 8 雅思听力生存语料库,listening,mp3,1343991,active,Chapter 8 雅思听力生存语料库/03 语料训练 2：字母和数字/04 Training 2-Test 2基本语料.mp3
english,Chapter 8 雅思听力生存语料库,listening,mp3,854561,active,Chapter 8 雅思听力生存语料库/03 语料训练 2：字母和数字/05 Training 2-Test 2特殊语料1.mp3
english,Chapter 8 雅思听力生存语料库,listening,mp3,951737,active,Chapter 8 雅思听力生存语料库/03 语料训练 2：字母和数字/06 Training 2-Test 2特殊语料2.mp3
english,Chapter 8 雅思听力生存语料库,listening,mp3,1221529,active,Chapter 8 雅思听力生存语料库/03 语料训练 2：字母和数字/07 Training 2-Test 3基本语料.mp3
english,Chapter 8 雅思听力生存语料库,listening,mp3,718515,active,Chapter 8 雅思听力生存语料库/03 语料训练 2：字母和数字/08 Training 2-Test 3特殊语料1.mp3
english,Chapter 8 雅思听力生存语料库,listening,mp3,908060,active,Chapter 8 雅思听力生存语料库/03 语料训练 2：字母和数字/09 Training 2-Test 3特殊语料2.mp3
english,Chapter 8 雅思听力生存语料库,listening,mp3,1051211,active,Chapter 8 雅思听力生存语料库/04 语料训练 3：钱数/01 Training 3-Test 1基本语料.mp3
english,Chapter 8 雅思听力生存语料库,listening,mp3,694901,active,Chapter 8 雅思听力生存语料库/04 语料训练 3：钱数/02 Training 3-Test 1特殊语料1.mp3
english,Chapter 8 雅思听力生存语料库,listening,mp3,732517,active,Chapter 8 雅思听力生存语料库/04 语料训练 3：钱数/03 Training 3-Test 1特殊语料2.mp3
english,Chapter 8 雅思听力生存语料库,listening,mp3,1052256,active,Chapter 8 雅思听力生存语料库/05 语料训练 4：地址/01 Training 4-常见词汇-基本语料.mp3
english,Chapter 8 雅思听力生存语料库,listening,mp3,692602,active,Chapter 8 雅思听力生存语料库/05 语料训练 4：地址/02 Training 4-常见词汇-特殊语料1.mp3
english,Chapter 8 雅思听力生存语料库,listening,mp3,571394,active,Chapter 8 雅思听力生存语料库/05 语料训练 4：地址/03 Training 4-常见词汇-特殊语料2.mp3
english,Chapter 8 雅思听力生存语料库,listening,mp3,1661013,active,Chapter 8 雅思听力生存语料库/05 语料训练 4：地址/04 Training 4-Test 1基本语料.mp3
english,Chapter 8 雅思听力生存语料库,listening,mp3,1462274,active,Chapter 8 雅思听力生存语料库/05 语料训练 4：地址/05 Training 4-Test 1特殊语料1.mp3
english,Chapter 8 雅思听力生存语料库,listening,mp3,1571152,active,Chapter 8 雅思听力生存语料库/05 语料训练 4：地址/06 Training 4-Test 1特殊语料2.mp3
english,Chapter 8 雅思听力生存语料库,listening,mp3,2609363,active,Chapter 8 雅思听力生存语料库/05 语料训练 4：地址/07 Training 4-Test 2基本语料.mp3
english,Chapter 8 雅思听力生存语料库,listening,mp3,2099870,active,Chapter 8 雅思听力生存语料库/05 语料训练 4：地址/08 Training 4-Test 2特殊语料1.mp3
english,Chapter 8 雅思听力生存语料库,listening,mp3,2754813,active,Chapter 8 雅思听力生存语料库/05 语料训练 4：地址/09 Training 4-Test 2特殊语料2.mp3
english,Chapter 8 雅思听力生存语料库,listening,mp3,801271,active,Chapter 8 雅思听力生存语料库/05 语料训练 4：地址/10 Training 4-Test 3基本语料.mp3
english,Chapter 8 雅思听力生存语料库,listening,mp3,527090,active,Chapter 8 雅思听力生存语料库/05 语料训练 4：地址/11 Training 4-Test 3特殊语料1.mp3
english,Chapter 8 雅思听力生存语料库,listening,mp3,393343,active,Chapter 8 雅思听力生存语料库/05 语料训练 4：地址/12 Training 4-Test 3特殊语料2.mp3
english,Chapter 8 雅思听力生存语料库,listening,mp3,1118711,active,Chapter 8 雅思听力生存语料库/06 语料训练 5：日期/01 Training 5-Test 1基本语料.mp3
english,Chapter 8 雅思听力生存语料库,listening,mp3,753415,active,Chapter 8 雅思听力生存语料库/06 语料训练 5：日期/02 Training 5-Test 1特殊语料1.mp3
english,Chapter 8 雅思听力生存语料库,listening,mp3,784344,active,Chapter 8 雅思听力生存语料库/06 语料训练 5：日期/03 Training 5-Test 1特殊语料2.mp3
english,Chapter 8 雅思听力生存语料库,listening,mp3,795838,active,Chapter 8 雅思听力生存语料库/06 语料训练 5：日期/04 Training 5-Test 2基本语料.mp3
english,Chapter 8 雅思听力生存语料库,listening,mp3,593337,active,Chapter 8 雅思听力生存语料库/06 语料训练 5：日期/05 Training 5-Test 2特殊语料1.mp3
english,Chapter 8 雅思听力生存语料库,listening,mp3,626982,active,Chapter 8 雅思听力生存语料库/06 语料训练 5：日期/06 Training 5-Test 2特殊语料2.mp3
english,Chapter 8 雅思听力生存语料库,listening,mp3,1324556,active,Chapter 8 雅思听力生存语料库/06 语料训练 5：日期/07 Training 5-Test 3基本语料.mp3
english,Chapter 8 雅思听力生存语料库,listening,mp3,1056435,active,Chapter 8 雅思听力生存语料库/06 语料训练 5：日期/08 Training 5-Test 3特殊语料1.mp3
english,Chapter 8 雅思听力生存语料库,listening,mp3,1232396,active,Chapter 8 雅思听力生存语料库/06 语料训练 5：日期/09 Training 5-Test 3特殊语料2.mp3
english,Chapter 8 雅思听力生存语料库,listening,mp3,2207704,active,Chapter 8 雅思听力生存语料库/07 语料训练 6：专业/01 Training 6-Test 1基本语料.mp3
english,Chapter 8 雅思听力生存语料库,listening,mp3,1710333,active,Chapter 8 雅思听力生存语料库/07 语料训练 6：专业/02 Training 6-Test 1特殊语料1.mp3
english,Chapter 8 雅思听力生存语料库,listening,mp3,1830078,active,Chapter 8 雅思听力生存语料库/07 语料训练 6：专业/03 Training 6-Test 1特殊语料2.mp3
english,IELTS,writing,pdf,19978869,active,IELTS/作文素材/2024年5-8月A类写作素材.pdf
english,IELTS,speaking,pdf,364473,active,IELTS/口语素材/2024年1-4月雅思口语Part1题库.pdf
english,IELTS,speaking,pdf,546927,active,IELTS/口语素材/2024年1-4月雅思口语Part2题库.pdf
english,剑桥雅思听力音频,listening,mp3,7283376,active,剑桥雅思听力音频/【10】剑桥雅思10听力音频/Test1/Test1.Section1.mp3
english,剑桥雅思听力音频,listening,mp3,6074910,active,剑桥雅思听力音频/【10】剑桥雅思10听力音频/Test1/Test1.Section2.mp3
english,剑桥雅思听力音频,listening,mp3,6231702,active,剑桥雅思听力音频/【10】剑桥雅思10听力音频/Test1/Test1.Section3.mp3
english,剑桥雅思听力音频,listening,mp3,6385575,active,剑桥雅思听力音频/【10】剑桥雅思10听力音频/Test1/Test1.Section4.mp3
english,剑桥雅思听力音频,listening,mp3,6322191,active,剑桥雅思听力音频/【10】剑桥雅思10听力音频/Test2/Test2.Section1.mp3
english,剑桥雅思听力音频,listening,mp3,5782593,active,剑桥雅思听力音频/【10】剑桥雅思10听力音频/Test2/Test2.Section2.mp3
english,剑桥雅思听力音频,listening,mp3,7170786,active,剑桥雅思听力音频/【10】剑桥雅思10听力音频/Test2/Test2.Section3.mp3
english,剑桥雅思听力音频,listening,mp3,6566553,active,剑桥雅思听力音频/【10】剑桥雅思10听力音频/Test2/Test2.Section4.mp3
english,剑桥雅思听力音频,listening,mp3,8055660,active,剑桥雅思听力音频/【10】剑桥雅思10听力音频/Test3/Test3.Section1.mp3
english,剑桥雅思听力音频,listening,mp3,6365142,active,剑桥雅思听力音频/【10】剑桥雅思10听力音频/Test3/Test3.Section2.mp3
english,剑桥雅思听力音频,listening,mp3,6765045,active,剑桥雅思听力音频/【10】剑桥雅思10听力音频/Test3/Test3.Section3.mp3
english,剑桥雅思听力音频,listening,mp3,7816719,active,剑桥雅思听力音频/【10】剑桥雅思10听力音频/Test3/Test3.Section4.mp3
english,剑桥雅思听力音频,listening,mp3,6882222,active,剑桥雅思听力音频/【10】剑桥雅思10听力音频/Test4/Test4.Section1.mp3
english,剑桥雅思听力音频,listening,mp3,6250467,active,剑桥雅思听力音频/【10】剑桥雅思10听力音频/Test4/Test4.Section2.mp3
english,剑桥雅思听力音频,listening,mp3,6917250,active,剑桥雅思听力音频/【10】剑桥雅思10听力音频/Test4/Test4.Section3.mp3
english,剑桥雅思听力音频,listening,mp3,7132422,active,剑桥雅思听力音频/【10】剑桥雅思10听力音频/Test4/Test4.Section4.mp3
english,剑桥雅思听力音频,listening,mp3,9250296,active,剑桥雅思听力音频/【11】剑桥雅思11听力音频/Test1/Test1.Section1.mp3
english,剑桥雅思听力音频,listening,mp3,6398561,active,剑桥雅思听力音频/【11】剑桥雅思11听力音频/Test1/Test1.Section2.mp3
english,剑桥雅思听力音频,listening,mp3,7879390,active,剑桥雅思听力音频/【11】剑桥雅思11听力音频/Test1/Test1.Section3.mp3
english,剑桥雅思听力音频,listening,mp3,8168200,active,剑桥雅思听力音频/【11】剑桥雅思11听力音频/Test1/Test1.Section4.mp3
english,剑桥雅思听力音频,listening,mp3,8062456,active,剑桥雅思听力音频/【11】剑桥雅思11听力音频/Test2/Test2.Section1.mp3
english,剑桥雅思听力音频,listening,mp3,6902619,active,剑桥雅思听力音频/【11】剑桥雅思11听力音频/Test2/Test2.Section2.mp3
english,剑桥雅思听力音频,listening,mp3,7317235,active,剑桥雅思听力音频/【11】剑桥雅思11听力音频/Test2/Test2.Section3.mp3
english,剑桥雅思听力音频,listening,mp3,7155903,active,剑桥雅思听力音频/【11】剑桥雅思11听力音频/Test2/Test2.Section4.mp3
english,剑桥雅思听力音频,listening,mp3,7732268,active,剑桥雅思听力音频/【11】剑桥雅思11听力音频/Test3/Test3.Section1.mp3
english,剑桥雅思听力音频,listening,mp3,6842015,active,剑桥雅思听力音频/【11】剑桥雅思11听力音频/Test3/Test3.Section2.mp3
english,剑桥雅思听力音频,listening,mp3,6369721,active,剑桥雅思听力音频/【11】剑桥雅思11听力音频/Test3/Test3.Section3.mp3
english,剑桥雅思听力音频,listening,mp3,8200801,active,剑桥雅思听力音频/【11】剑桥雅思11听力音频/Test3/Test3.Section4.mp3
english,剑桥雅思听力音频,listening,mp3,7852641,active,剑桥雅思听力音频/【11】剑桥雅思11听力音频/Test4/Test4.Section1.mp3
english,剑桥雅思听力音频,listening,mp3,5805894,active,剑桥雅思听力音频/【11】剑桥雅思11听力音频/Test4/Test4.Section2.mp3
english,剑桥雅思听力音频,listening,mp3,6992899,active,剑桥雅思听力音频/【11】剑桥雅思11听力音频/Test4/Test4.Section3.mp3
english,剑桥雅思听力音频,listening,mp3,8030273,active,剑桥雅思听力音频/【11】剑桥雅思11听力音频/Test4/Test4.Section4.mp3
english,剑桥雅思听力音频,listening,mp3,12011678,active,剑桥雅思听力音频/【12】剑桥雅思12听力音频/Test5/Test5.Section1.mp3
english,剑桥雅思听力音频,listening,mp3,9797964,active,剑桥雅思听力音频/【12】剑桥雅思12听力音频/Test5/Test5.Section2.mp3
english,剑桥雅思听力音频,listening,mp3,9554085,active,剑桥雅思听力音频/【12】剑桥雅思12听力音频/Test5/Test5.Section3.mp3
english,剑桥雅思听力音频,listening,mp3,12674359,active,剑桥雅思听力音频/【12】剑桥雅思12听力音频/Test5/Test5.Section4.mp3
english,剑桥雅思听力音频,listening,mp3,12982179,active,剑桥雅思听力音频/【12】剑桥雅思12听力音频/Test6/Test6.Section1.mp3
english,剑桥雅思听力音频,listening,mp3,11264374,active,剑桥雅思听力音频/【12】剑桥雅思12听力音频/Test6/Test6.Section2.mp3
english,剑桥雅思听力音频,listening,mp3,10336504,active,剑桥雅思听力音频/【12】剑桥雅思12听力音频/Test6/Test6.Section3.mp3
english,剑桥雅思听力音频,listening,mp3,12409164,active,剑桥雅思听力音频/【12】剑桥雅思12听力音频/Test6/Test6.Section4.mp3
english,剑桥雅思听力音频,listening,mp3,13127629,active,剑桥雅思听力音频/【12】剑桥雅思12听力音频/Test7/Test7.Section1.mp3
english,剑桥雅思听力音频,listening,mp3,10445592,active,剑桥雅思听力音频/【12】剑桥雅思12听力音频/Test7/Test7.Section2.mp3
english,剑桥雅思听力音频,listening,mp3,12230486,active,剑桥雅思听力音频/【12】剑桥雅思12听力音频/Test7/Test7.Section3.mp3
english,剑桥雅思听力音频,listening,mp3,11782225,active,剑桥雅思听力音频/【12】剑桥雅思12听力音频/Test7/Test7.Section4.mp3
english,剑桥雅思听力音频,listening,mp3,11484422,active,剑桥雅思听力音频/【12】剑桥雅思12听力音频/Test8/Test8.Section1.mp3
english,剑桥雅思听力音频,listening,mp3,8864452,active,剑桥雅思听力音频/【12】剑桥雅思12听力音频/Test8/Test8.Section2.mp3
english,剑桥雅思听力音频,listening,mp3,11161556,active,剑桥雅思听力音频/【12】剑桥雅思12听力音频/Test8/Test8.Section3.mp3
english,剑桥雅思听力音频,listening,mp3,11382238,active,剑桥雅思听力音频/【12】剑桥雅思12听力音频/Test8/Test8.Section4.mp3
english,剑桥雅思听力音频,listening,mp3,5380592,active,剑桥雅思听力音频/【13】剑桥雅思13听力音频/Test1/Test1.Section1.mp3
english,剑桥雅思听力音频,listening,mp3,4868211,active,剑桥雅思听力音频/【13】剑桥雅思13听力音频/Test1/Test1.Section2.mp3
english,剑桥雅思听力音频,listening,mp3,5120802,active,剑桥雅思听力音频/【13】剑桥雅思13听力音频/Test1/Test1.Section3.mp3
english,剑桥雅思听力音频,listening,mp3,5030345,active,剑桥雅思听力音频/【13】剑桥雅思13听力音频/Test1/Test1.Section4.mp3
english,剑桥雅思听力音频,listening,mp3,6252297,active,剑桥雅思听力音频/【13】剑桥雅思13听力音频/Test2/Test2.Section1.mp3
english,剑桥雅思听力音频,listening,mp3,5279180,active,剑桥雅思听力音频/【13】剑桥雅思13听力音频/Test2/Test2.Section2.mp3
english,剑桥雅思听力音频,listening,mp3,5142399,active,剑桥雅思听力音频/【13】剑桥雅思13听力音频/Test2/Test2.Section3.mp3
english,剑桥雅思听力音频,listening,mp3,6521790,active,剑桥雅思听力音频/【13】剑桥雅思13听力音频/Test2/Test2.Section4.mp3
english,剑桥雅思听力音频,listening,mp3,6581260,active,剑桥雅思听力音频/【13】剑桥雅思13听力音频/Test3/Test3.Section1.mp3
english,剑桥雅思听力音频,listening,mp3,4570861,active,剑桥雅思听力音频/【13】剑桥雅思13听力音频/Test3/Test3.Section2.mp3
english,剑桥雅思听力音频,listening,mp3,4776502,active,剑桥雅思听力音频/【13】剑桥雅思13听力音频/Test3/Test3.Section3.mp3
english,剑桥雅思听力音频,listening,mp3,4789022,active,剑桥雅思听力音频/【13】剑桥雅思13听力音频/Test3/Test3.Section4.mp3
english,剑桥雅思听力音频,listening,mp3,5594997,active,剑桥雅思听力音频/【13】剑桥雅思13听力音频/Test4/Test4.Section1.mp3
english,剑桥雅思听力音频,listening,mp3,4945835,active,剑桥雅思听力音频/【13】剑桥雅思13听力音频/Test4/Test4.Section2.mp3
english,剑桥雅思听力音频,listening,mp3,5403441,active,剑桥雅思听力音频/【13】剑桥雅思13听力音频/Test4/Test4.Section3.mp3
english,剑桥雅思听力音频,listening,mp3,5733969,active,剑桥雅思听力音频/【13】剑桥雅思13听力音频/Test4/Test4.Section5.mp3
english,剑桥雅思听力音频,listening,mp3,4237568,active,剑桥雅思听力音频/【14】剑桥雅思14听力音频/Test 1/Test 1-1.mp3
english,剑桥雅思听力音频,listening,mp3,6404655,active,剑桥雅思听力音频/【14】剑桥雅思14听力音频/Test 1/Test 1-2.mp3
english,剑桥雅思听力音频,listening,mp3,3492815,active,剑桥雅思听力音频/【14】剑桥雅思14听力音频/Test 1/Test 1-3.mp3
english,剑桥雅思听力音频,listening,mp3,3951446,active,剑桥雅思听力音频/【14】剑桥雅思14听力音频/Test 1/Test 1-4.mp3
english,剑桥雅思听力音频,listening,mp3,3742405,active,剑桥雅思听力音频/【14】剑桥雅思14听力音频/Test 2/Test 2-1.mp3
english,剑桥雅思听力音频,listening,mp3,3589443,active,剑桥雅思听力音频/【14】剑桥雅思14听力音频/Test 2/Test 2-2.mp3
english,剑桥雅思听力音频,listening,mp3,3741650,active,剑桥雅思听力音频/【14】剑桥雅思14听力音频/Test 2/Test 2-3.mp3
english,剑桥雅思听力音频,listening,mp3,8428196,active,剑桥雅思听力音频/【14】剑桥雅思14听力音频/Test 2/Test 2-4.mp3
english,剑桥雅思听力音频,listening,mp3,4255683,active,剑桥雅思听力音频/【14】剑桥雅思14听力音频/Test 3/Test 3-1.mp3
english,剑桥雅思听力音频,listening,mp3,3220940,active,剑桥雅思听力音频/【14】剑桥雅思14听力音频/Test 3/Test 3-2.mp3
english,剑桥雅思听力音频,listening,mp3,3090103,active,剑桥雅思听力音频/【14】剑桥雅思14听力音频/Test 3/Test 3-3.mp3
english,剑桥雅思听力音频,listening,mp3,3955205,active,剑桥雅思听力音频/【14】剑桥雅思14听力音频/Test 3/Test 3-4.mp3
english,剑桥雅思听力音频,listening,mp3,3982646,active,剑桥雅思听力音频/【14】剑桥雅思14听力音频/Test 4/Test 4-1.mp3
english,剑桥雅思听力音频,listening,mp3,3503663,active,剑桥雅思听力音频/【14】剑桥雅思14听力音频/Test 4/Test 4-2.mp3
english,剑桥雅思听力音频,listening,mp3,3751801,active,剑桥雅思听力音频/【14】剑桥雅思14听力音频/Test 4/Test 4-3.mp3
english,剑桥雅思听力音频,listening,mp3,4522548,active,剑桥雅思听力音频/【14】剑桥雅思14听力音频/Test 4/Test 4-4.mp3
english,剑桥雅思听力音频,listening,mp3,7345682,active,剑桥雅思听力音频/【15】剑桥雅思15听力音频/Test  1/IELTS15_test1_audio1.mp3
english,剑桥雅思听力音频,listening,mp3,6678482,active,剑桥雅思听力音频/【15】剑桥雅思15听力音频/Test  1/IELTS15_test1_audio2.mp3
english,剑桥雅思听力音频,listening,mp3,6908249,active,剑桥雅思听力音频/【15】剑桥雅思15听力音频/Test  1/IELTS15_test1_audio3.mp3
english,剑桥雅思听力音频,listening,mp3,8724701,active,剑桥雅思听力音频/【15】剑桥雅思15听力音频/Test  1/IELTS15_test1_audio4.mp3
english,剑桥雅思听力音频,listening,mp3,43282274,active,剑桥雅思听力音频/【15】剑桥雅思15听力音频/Test  2/IELTS15_test2_audio1.mp3
english,剑桥雅思听力音频,listening,mp3,6761882,active,剑桥雅思听力音频/【15】剑桥雅思15听力音频/Test  2/IELTS15_test2_audio2.mp3
english,剑桥雅思听力音频,listening,mp3,6825683,active,剑桥雅思听力音频/【15】剑桥雅思15听力音频/Test  2/IELTS15_test2_audio3.mp3
english,剑桥雅思听力音频,listening,mp3,8376506,active,剑桥雅思听力音频/【15】剑桥雅思15听力音频/Test  2/IELTS15_test2_audio4.mp3
english,剑桥雅思听力音频,listening,mp3,7510814,active,剑桥雅思听力音频/【15】剑桥雅思15听力音频/Test  3/IELTS15_test3_audio1.mp3
english,剑桥雅思听力音频,listening,mp3,6775226,active,剑桥雅思听力音频/【15】剑桥雅思15听力音频/Test  3/IELTS15_test3_audio2.mp3
english,剑桥雅思听力音频,listening,mp3,6544208,active,剑桥雅思听力音频/【15】剑桥雅思15听力音频/Test  3/IELTS15_test3_audio3.mp3
english,剑桥雅思听力音频,listening,mp3,7454102,active,剑桥雅思听力音频/【15】剑桥雅思15听力音频/Test  3/IELTS15_test3_audio4.mp3
english,剑桥雅思听力音频,listening,mp3,7575866,active,剑桥雅思听力音频/【15】剑桥雅思15听力音频/Test  4/IELTS15_test4_audio1.mp3
english,剑桥雅思听力音频,listening,mp3,6083006,active,剑桥雅思听力音频/【15】剑桥雅思15听力音频/Test  4/IELTS15_test4_audio2.mp3
english,剑桥雅思听力音频,listening,mp3,6684737,active,剑桥雅思听力音频/【15】剑桥雅思15听力音频/Test  4/IELTS15_test4_audio3.mp3
english,剑桥雅思听力音频,listening,mp3,7466195,active,剑桥雅思听力音频/【15】剑桥雅思15听力音频/Test  4/IELTS15_test4_audio4.mp3
english,剑桥雅思听力音频,listening,mp3,13505290,active,剑桥雅思听力音频/【16】剑桥雅思16听力音频/Test 1 Part 1.mp3
english,剑桥雅思听力音频,listening,mp3,13340795,active,剑桥雅思听力音频/【16】剑桥雅思16听力音频/Test 1 Part 2.mp3
english,剑桥雅思听力音频,listening,mp3,12844805,active,剑桥雅思听力音频/【16】剑桥雅思16听力音频/Test 1 Part 3.mp3
english,剑桥雅思听力音频,listening,mp3,16161425,active,剑桥雅思听力音频/【16】剑桥雅思16听力音频/Test 1 Part 4.mp3
english,剑桥雅思听力音频,listening,mp3,12721225,active,剑桥雅思听力音频/【16】剑桥雅思16听力音频/Test 2 Part 1.mp3
english,剑桥雅思听力音频,listening,mp3,14837950,active,剑桥雅思听力音频/【16】剑桥雅思16听力音频/Test 2 Part 2.mp3
english,剑桥雅思听力音频,listening,mp3,13319085,active,剑桥雅思听力音频/【16】剑桥雅思16听力音频/Test 2 Part 3.mp3
english,剑桥雅思听力音频,listening,mp3,16822745,active,剑桥雅思听力音频/【16】剑桥雅思16听力音频/Test 2 Part 4.mp3
english,剑桥雅思听力音频,listening,mp3,15776490,active,剑桥雅思听力音频/【16】剑桥雅思16听力音频/Test 3 Part 1.mp3
english,剑桥雅思听力音频,listening,mp3,13056060,active,剑桥雅思听力音频/【16】剑桥雅思16听力音频/Test 3 Part 2.mp3
english,剑桥雅思听力音频,listening,mp3,13149580,active,剑桥雅思听力音频/【16】剑桥雅思16听力音频/Test 3 Part 3.mp3
english,剑桥雅思听力音频,listening,mp3,16464530,active,剑桥雅思听力音频/【16】剑桥雅思16听力音频/Test 3 Part 4.mp3
english,剑桥雅思听力音频,listening,mp3,13626365,active,剑桥雅思听力音频/【16】剑桥雅思16听力音频/Test 4 Part 1.mp3
english,剑桥雅思听力音频,listening,mp3,12309570,active,剑桥雅思听力音频/【16】剑桥雅思16听力音频/Test 4 Part 2.mp3
english,剑桥雅思听力音频,listening,mp3,13052720,active,剑桥雅思听力音频/【16】剑桥雅思16听力音频/Test 4 Part 3.mp3
english,剑桥雅思听力音频,listening,mp3,17707010,active,剑桥雅思听力音频/【16】剑桥雅思16听力音频/Test 4 Part 4.mp3
english,剑桥雅思听力音频,listening,mp3,6627381,active,剑桥雅思听力音频/【17】剑桥雅思17听力音频/ELT_IELTS17_t1_audio1.mp3
english,剑桥雅思听力音频,listening,mp3,6599859,active,剑桥雅思听力音频/【17】剑桥雅思17听力音频/ELT_IELTS17_t1_audio2.mp3
english,剑桥雅思听力音频,listening,mp3,7091919,active,剑桥雅思听力音频/【17】剑桥雅思17听力音频/ELT_IELTS17_t1_audio3.mp3
english,剑桥雅思听力音频,listening,mp3,7274565,active,剑桥雅思听力音频/【17】剑桥雅思17听力音频/ELT_IELTS17_t1_audio4.mp3
english,剑桥雅思听力音频,listening,mp3,7575639,active,剑桥雅思听力音频/【17】剑桥雅思17听力音频/ELT_IELTS17_t2_audio1.mp3
english,剑桥雅思听力音频,listening,mp3,7105263,active,剑桥雅思听力音频/【17】剑桥雅思17听力音频/ELT_IELTS17_t2_audio2.mp3
english,剑桥雅思听力音频,listening,mp3,6424302,active,剑桥雅思听力音频/【17】剑桥雅思17听力音频/ELT_IELTS17_t2_audio3.mp3
english,剑桥雅思听力音频,listening,mp3,6934293,active,剑桥雅思听力音频/【17】剑桥雅思17听力音频/ELT_IELTS17_t2_audio4.mp3
english,剑桥雅思听力音频,listening,mp3,6629883,active,剑桥雅思听力音频/【17】剑桥雅思17听力音频/ELT_IELTS17_t3_audio1.mp3
english,剑桥雅思听力音频,listening,mp3,7189497,active,剑桥雅思听力音频/【17】剑桥雅思17听力音频/ELT_IELTS17_t3_audio2.mp3
english,剑桥雅思听力音频,listening,mp3,7227444,active,剑桥雅思听力音频/【17】剑桥雅思17听力音频/ELT_IELTS17_t3_audio3.mp3
english,剑桥雅思听力音频,listening,mp3,7771212,active,剑桥雅思听力音频/【17】剑桥雅思17听力音频/ELT_IELTS17_t3_audio4.mp3
english,剑桥雅思听力音频,listening,mp3,6115722,active,剑桥雅思听力音频/【17】剑桥雅思17听力音频/ELT_IELTS17_t4_audio1.mp3
english,剑桥雅思听力音频,listening,mp3,7544781,active,剑桥雅思听力音频/【17】剑桥雅思17听力音频/ELT_IELTS17_t4_audio2.mp3
english,剑桥雅思听力音频,listening,mp3,6570669,active,剑桥雅思听力音频/【17】剑桥雅思17听力音频/ELT_IELTS17_t4_audio3.mp3
english,剑桥雅思听力音频,listening,mp3,8235333,active,剑桥雅思听力音频/【17】剑桥雅思17听力音频/ELT_IELTS17_t4_audio4.mp3
english,剑桥雅思听力音频,listening,mp3,6369593,active,剑桥雅思听力音频/【18】剑桥雅思18听力音频/Test 1/Test 1 Part 2.mp3
english,剑桥雅思听力音频,listening,mp3,6414733,active,剑桥雅思听力音频/【18】剑桥雅思18听力音频/Test 1/Test 1 Part 3.mp3
english,剑桥雅思听力音频,listening,mp3,8441835,active,剑桥雅思听力音频/【18】剑桥雅思18听力音频/Test 1/Test 1 Part 4.mp3
english,剑桥雅思听力音频,listening,mp3,7501009,active,剑桥雅思听力音频/【18】剑桥雅思18听力音频/Test 2/Test 2 Part 1.mp3
english,剑桥雅思听力音频,listening,mp3,6995696,active,剑桥雅思听力音频/【18】剑桥雅思18听力音频/Test 2/Test 2 Part 2.mp3
english,剑桥雅思听力音频,listening,mp3,6848575,active,剑桥雅思听力音频/【18】剑桥雅思18听力音频/Test 2/Test 2 Part 3.mp3
english,剑桥雅思听力音频,listening,mp3,6815556,active,剑桥雅思听力音频/【18】剑桥雅思18听力音频/Test 2/Test 2 Part 4.mp3
english,剑桥雅思听力音频,listening,mp3,7529430,active,剑桥雅思听力音频/【18】剑桥雅思18听力音频/Test 3/Test 3 Part 1.mp3
english,剑桥雅思听力音频,listening,mp3,7478857,active,剑桥雅思听力音频/【18】剑桥雅思18听力音频/Test 3/Test 3 Part 2.mp3
english,剑桥雅思听力音频,listening,mp3,5684140,active,剑桥雅思听力音频/【18】剑桥雅思18听力音频/Test 3/Test 3 Part 3.mp3
english,剑桥雅思听力音频,listening,mp3,7355559,active,剑桥雅思听力音频/【18】剑桥雅思18听力音频/Test 3/Test 3 Part 4.mp3
english,剑桥雅思听力音频,listening,mp3,7086393,active,剑桥雅思听力音频/【18】剑桥雅思18听力音频/Test 4/Test 4 Part 1.mp3
english,剑桥雅思听力音频,listening,mp3,6978142,active,剑桥雅思听力音频/【18】剑桥雅思18听力音频/Test 4/Test 4 Part 2.mp3
english,剑桥雅思听力音频,listening,mp3,6689750,active,剑桥雅思听力音频/【18】剑桥雅思18听力音频/Test 4/Test 4 Part 3.mp3
english,剑桥雅思听力音频,listening,mp3,7959092,active,剑桥雅思听力音频/【18】剑桥雅思18听力音频/Test 4/Test 4 Part 4.mp3
english,剑桥雅思听力音频,listening,mp3,3132344,active,剑桥雅思听力音频/【1】剑桥雅思1听力音频/test1.mp3
english,剑桥雅思听力音频,listening,mp3,2975616,active,剑桥雅思听力音频/【1】剑桥雅思1听力音频/test2.mp3
english,剑桥雅思听力音频,listening,mp3,3259432,active,剑桥雅思听力音频/【1】剑桥雅思1听力音频/test3.mp3
english,剑桥雅思听力音频,listening,mp3,3356256,active,剑桥雅思听力音频/【1】剑桥雅思1听力音频/test4.mp3
english,剑桥雅思听力音频,listening,mp3,3300995,active,剑桥雅思听力音频/【2】剑桥雅思2听力音频/test1.mp3
english,剑桥雅思听力音频,listening,mp3,3299219,active,剑桥雅思听力音频/【2】剑桥雅思2听力音频/test2.mp3
english,剑桥雅思听力音频,listening,mp3,7219059,active,剑桥雅思听力音频/【2】剑桥雅思2听力音频/test3.mp3
english,剑桥雅思听力音频,listening,mp3,3308026,active,剑桥雅思听力音频/【2】剑桥雅思2听力音频/test4.mp3
english,剑桥雅思听力音频,listening,mp3,11539792,active,剑桥雅思听力音频/【3】剑桥雅思3听力音频/test1.mp3
english,剑桥雅思听力音频,listening,mp3,13339245,active,剑桥雅思听力音频/【3】剑桥雅思3听力音频/test2.mp3
english,剑桥雅思听力音频,listening,mp3,13294496,active,剑桥雅思听力音频/【3】剑桥雅思3听力音频/test3.mp3
english,剑桥雅思听力音频,listening,mp3,12958382,active,剑桥雅思听力音频/【3】剑桥雅思3听力音频/test4.mp3
english,剑桥雅思听力音频,listening,mp3,7242022,active,剑桥雅思听力音频/【4】剑桥雅思4听力音频/Test1/01.Test1.Section1.mp3
english,剑桥雅思听力音频,listening,mp3,5790491,active,剑桥雅思听力音频/【4】剑桥雅思4听力音频/Test1/02.Test1.Section2.mp3
english,剑桥雅思听力音频,listening,mp3,6487229,active,剑桥雅思听力音频/【4】剑桥雅思4听力音频/Test1/03.Test1.Section3.mp3
english,剑桥雅思听力音频,listening,mp3,5681404,active,剑桥雅思听力音频/【4】剑桥雅思4听力音频/Test1/04.Test1.Section4.mp3
english,剑桥雅思听力音频,listening,mp3,6980839,active,剑桥雅思听力音频/【4】剑桥雅思4听力音频/Test2/Test2.Section1.mp3
english,剑桥雅思听力音频,listening,mp3,5586527,active,剑桥雅思听力音频/【4】剑桥雅思4听力音频/Test2/Test2.Section2.mp3
english,剑桥雅思听力音频,listening,mp3,4838798,active,剑桥雅思听力音频/【4】剑桥雅思4听力音频/Test2/Test2.Section3.mp3
english,剑桥雅思听力音频,listening,mp3,7845555,active,剑桥雅思听力音频/【4】剑桥雅思4听力音频/Test2/Test2.Section4.mp3
english,剑桥雅思听力音频,listening,mp3,7010096,active,剑桥雅思听力音频/【4】剑桥雅思4听力音频/Test3/09.Test3.Section1.mp3
english,剑桥雅思听力音频,listening,mp3,5774191,active,剑桥雅思听力音频/【4】剑桥雅思4听力音频/Test3/10.Test3.Section2.mp3
english,剑桥雅思听力音频,listening,mp3,6508545,active,剑桥雅思听力音频/【4】剑桥雅思4听力音频/Test3/11.Test3.Section3.mp3
english,剑桥雅思听力音频,listening,mp3,5691853,active,剑桥雅思听力音频/【4】剑桥雅思4听力音频/Test3/12.Test3.Section4.mp3
english,剑桥雅思听力音频,listening,mp3,8043709,active,剑桥雅思听力音频/【4】剑桥雅思4听力音频/Test4/13.Test4.Section1.mp3
english,剑桥雅思听力音频,listening,mp3,5359575,active,剑桥雅思听力音频/【4】剑桥雅思4听力音频/Test4/14.Test4.Section2.mp3
english,剑桥雅思听力音频,listening,mp3,7343210,active,剑桥雅思听力音频/【4】剑桥雅思4听力音频/Test4/15.Test4.Section3.mp3
english,剑桥雅思听力音频,listening,mp3,5773313,active,剑桥雅思听力音频/【4】剑桥雅思4听力音频/Test4/16.Test4.Section4.mp3
english,剑桥雅思听力音频,listening,mp3,19828996,active,剑桥雅思听力音频/【5】剑桥雅思5听力音频/Test1/Test1.Section1.mp3
english,剑桥雅思听力音频,listening,mp3,11579308,active,剑桥雅思听力音频/【5】剑桥雅思5听力音频/Test1/Test1.Section2.mp3
english,剑桥雅思听力音频,listening,mp3,15303256,active,剑桥雅思听力音频/【5】剑桥雅思5听力音频/Test1/Test1.Section3.mp3
english,剑桥雅思听力音频,listening,mp3,15850312,active,剑桥雅思听力音频/【5】剑桥雅思5听力音频/Test1/Test1.Section4.mp3
english,剑桥雅思听力音频,listening,mp3,19045996,active,剑桥雅思听力音频/【5】剑桥雅思5听力音频/Test2/Test2.Section1.mp3
english,剑桥雅思听力音频,listening,mp3,16466272,active,剑桥雅思听力音频/【5】剑桥雅思5听力音频/Test2/Test2.Section2.mp3
english,剑桥雅思听力音频,listening,mp3,15048520,active,剑桥雅思听力音频/【5】剑桥雅思5听力音频/Test2/Test2.Section3.mp3
english,剑桥雅思听力音频,listening,mp3,18765160,active,剑桥雅思听力音频/【5】剑桥雅思5听力音频/Test2/Test2.Section4.mp3
english,剑桥雅思听力音频,listening,mp3,18905056,active,剑桥雅思听力音频/【5】剑桥雅思5听力音频/Test3/Tes3.Section1.mp3
english,剑桥雅思听力音频,listening,mp3,19941748,active,剑桥雅思听力音频/【5】剑桥雅思5听力音频/Test3/Test3.Section2.mp3
english,剑桥雅思听力音频,listening,mp3,15670744,active,剑桥雅思听力音频/【5】剑桥雅思5听力音频/Test3/Test3.Section3.mp3
english,剑桥雅思听力音频,listening,mp3,17066572,active,剑桥雅思听力音频/【5】剑桥雅思5听力音频/Test3/Test3.Section4.mp3
english,剑桥雅思听力音频,listening,mp3,12626440,active,剑桥雅思听力音频/【5】剑桥雅思5听力音频/Test4/Test4.Section2.mp3
english,剑桥雅思听力音频,listening,mp3,16647928,active,剑桥雅思听力音频/【5】剑桥雅思5听力音频/Test4/Test4.Section3.mp3
english,剑桥雅思听力音频,listening,mp3,14235244,active,剑桥雅思听力音频/【5】剑桥雅思5听力音频/Test4/Test4.Section4.mp3
english,剑桥雅思听力音频,listening,mp3,17913256,active,剑桥雅思听力音频/【5】剑桥雅思5听力音频/Test4/Tst4.Section1.mp3
english,剑桥雅思听力音频,listening,mp3,17617804,active,剑桥雅思听力音频/【6】剑桥雅思6听力音频/Test1/Test1.Section1.mp3
english,剑桥雅思听力音频,listening,mp3,11448808,active,剑桥雅思听力音频/【6】剑桥雅思6听力音频/Test1/Test1.Section2.mp3
english,剑桥雅思听力音频,listening,mp3,13581700,active,剑桥雅思听力音频/【6】剑桥雅思6听力音频/Test1/Test1.Section3.mp3
english,剑桥雅思听力音频,listening,mp3,13394824,active,剑桥雅思听力音频/【6】剑桥雅思6听力音频/Test1/Test1.Section4.mp3
english,剑桥雅思听力音频,listening,mp3,16239724,active,剑桥雅思听力音频/【6】剑桥雅思6听力音频/Test2/Test2.Section1.mp3
english,剑桥雅思听力音频,listening,mp3,13238224,active,剑桥雅思听力音频/【6】剑桥雅思6听力音频/Test2/Test2.Section2.mp3
english,剑桥雅思听力音频,listening,mp3,14735320,active,剑桥雅思听力音频/【6】剑桥雅思6听力音频/Test2/Test2.Section3.mp3
english,剑桥雅思听力音频,listening,mp3,16400500,active,剑桥雅思听力音频/【6】剑桥雅思6听力音频/Test2/Test2.Section4.mp3
english,剑桥雅思听力音频,listening,mp3,1663342,active,剑桥雅思听力音频/【6】剑桥雅思6听力音频/Test3/Test3.Section1.mp3
english,剑桥雅思听力音频,listening,mp3,1658062,active,剑桥雅思听力音频/【6】剑桥雅思6听力音频/Test3/Test3.Section2.mp3
english,剑桥雅思听力音频,listening,mp3,1403342,active,剑桥雅思听力音频/【6】剑桥雅思6听力音频/Test3/Test3.Section3.mp3
english,剑桥雅思听力音频,listening,mp3,1871950,active,剑桥雅思听力音频/【6】剑桥雅思6听力音频/Test3/Test3.Section4.mp3
english,剑桥雅思听力音频,listening,mp3,1416814,active,剑桥雅思听力音频/【6】剑桥雅思6听力音频/Test4/Test4.Section1.mp3
english,剑桥雅思听力音频,listening,mp3,1586542,active,剑桥雅思听力音频/【6】剑桥雅思6听力音频/Test4/Test4.Section2.mp3
english,剑桥雅思听力音频,listening,mp3,1520782,active,剑桥雅思听力音频/【6】剑桥雅思6听力音频/Test4/Test4.Section3.mp3
english,剑桥雅思听力音频,listening,mp3,1498894,active,剑桥雅思听力音频/【6】剑桥雅思6听力音频/Test4/Test4.Section4.mp3
english,剑桥雅思听力音频,listening,mp3,8839168,active,剑桥雅思听力音频/【7】剑桥雅思7听力音频/Test1/Test1.Section1.mp3
english,剑桥雅思听力音频,listening,mp3,6467584,active,剑桥雅思听力音频/【7】剑桥雅思7听力音频/Test1/Test1.Section2.mp3
english,剑桥雅思听力音频,listening,mp3,7278592,active,剑桥雅思听力音频/【7】剑桥雅思7听力音频/Test1/Test1.Section3.mp3
english,剑桥雅思听力音频,listening,mp3,6514688,active,剑桥雅思听力音频/【7】剑桥雅思7听力音频/Test1/Test1.Section4.mp3
english,剑桥雅思听力音频,listening,mp3,6635520,active,剑桥雅思听力音频/【7】剑桥雅思7听力音频/Test2/Test2.Section1.mp3
english,剑桥雅思听力音频,listening,mp3,5036032,active,剑桥雅思听力音频/【7】剑桥雅思7听力音频/Test2/Test2.Section2.mp3
english,剑桥雅思听力音频,listening,mp3,6848512,active,剑桥雅思听力音频/【7】剑桥雅思7听力音频/Test2/Test2.Section3.mp3
english,剑桥雅思听力音频,listening,mp3,7055360,active,剑桥雅思听力音频/【7】剑桥雅思7听力音频/Test2/Test2.Section4.mp3
english,剑桥雅思听力音频,listening,mp3,7297024,active,剑桥雅思听力音频/【7】剑桥雅思7听力音频/Test3/Test3.Section1.mp3
english,剑桥雅思听力音频,listening,mp3,2316096,active,剑桥雅思听力音频/【7】剑桥雅思7听力音频/Test3/Test3.Section2.mp3
english,剑桥雅思听力音频,listening,mp3,6135808,active,剑桥雅思听力音频/【7】剑桥雅思7听力音频/Test3/Test3.Section3.mp3
english,剑桥雅思听力音频,listening,mp3,6338560,active,剑桥雅思听力音频/【7】剑桥雅思7听力音频/Test3/Test3.Section4.mp3
english,剑桥雅思听力音频,listening,mp3,6744064,active,剑桥雅思听力音频/【7】剑桥雅思7听力音频/Test4/Test4.Section1.mp3
english,剑桥雅思听力音频,listening,mp3,6133760,active,剑桥雅思听力音频/【7】剑桥雅思7听力音频/Test4/Test4.Section2.mp3
english,剑桥雅思听力音频,listening,mp3,4937728,active,剑桥雅思听力音频/【7】剑桥雅思7听力音频/Test4/Test4.Section3.mp3
english,剑桥雅思听力音频,listening,mp3,5543936,active,剑桥雅思听力音频/【7】剑桥雅思7听力音频/Test4/Test4.Section4.mp3
english,剑桥雅思听力音频,listening,mp3,6806626,active,剑桥雅思听力音频/【8】剑桥雅思8听力音频/Test1/Test1.Section1.mp3
english,剑桥雅思听力音频,listening,mp3,5791403,active,剑桥雅思听力音频/【8】剑桥雅思8听力音频/Test1/Test1.Section2.mp3
english,剑桥雅思听力音频,listening,mp3,7958521,active,剑桥雅思听力音频/【8】剑桥雅思8听力音频/Test1/Test1.Section3.mp3
english,剑桥雅思听力音频,listening,mp3,7112154,active,剑桥雅思听力音频/【8】剑桥雅思8听力音频/Test1/Test1.Section4.mp3
english,剑桥雅思听力音频,listening,mp3,7671383,active,剑桥雅思听力音频/【8】剑桥雅思8听力音频/Test2/Test2.Section1.mp3
english,剑桥雅思听力音频,listening,mp3,6213960,active,剑桥雅思听力音频/【8】剑桥雅思8听力音频/Test2/Test2.Section2.mp3
english,剑桥雅思听力音频,listening,mp3,6527847,active,剑桥雅思听力音频/【8】剑桥雅思8听力音频/Test2/Test2.Section3.mp3
english,剑桥雅思听力音频,listening,mp3,6686254,active,剑桥雅思听力音频/【8】剑桥雅思8听力音频/Test2/Test2.Section4.mp3
english,剑桥雅思听力音频,listening,mp3,7278502,active,剑桥雅思听力音频/【8】剑桥雅思8听力音频/Test3/Test3.Section1.mp3
english,剑桥雅思听力音频,listening,mp3,5513878,active,剑桥雅思听力音频/【8】剑桥雅思8听力音频/Test3/Test3.Section2.mp3
english,剑桥雅思听力音频,listening,mp3,6335586,active,剑桥雅思听力音频/【8】剑桥雅思8听力音频/Test3/Test3.Section3.mp3
english,剑桥雅思听力音频,listening,mp3,7511305,active,剑桥雅思听力音频/【8】剑桥雅思8听力音频/Test3/Test3.Section4.mp3
english,剑桥雅思听力音频,listening,mp3,6304657,active,剑桥雅思听力音频/【8】剑桥雅思8听力音频/Test4/Test4.Section1.mp3
english,剑桥雅思听力音频,listening,mp3,5432794,active,剑桥雅思听力音频/【8】剑桥雅思8听力音频/Test4/Test4.Section2.mp3
english,剑桥雅思听力音频,listening,mp3,6349796,active,剑桥雅思听力音频/【8】剑桥雅思8听力音频/Test4/Test4.Section3.mp3
english,剑桥雅思听力音频,listening,mp3,6534952,active,剑桥雅思听力音频/【8】剑桥雅思8听力音频/Test4/Test4.Section4.mp3
english,剑桥雅思听力音频,listening,mp3,7358165,active,剑桥雅思听力音频/【9】剑桥雅思9听力音频/Test1/Test1.Section1.mp3
english,剑桥雅思听力音频,listening,mp3,5450175,active,剑桥雅思听力音频/【9】剑桥雅思9听力音频/Test1/Test1.Section2.mp3
english,剑桥雅思听力音频,listening,mp3,7404138,active,剑桥雅思听力音频/【9】剑桥雅思9听力音频/Test1/Test1.Section3.mp3
english,剑桥雅思听力音频,listening,mp3,6357572,active,剑桥雅思听力音频/【9】剑桥雅思9听力音频/Test1/Test1.Section4.mp3
english,剑桥雅思听力音频,listening,mp3,7102368,active,剑桥雅思听力音频/【9】剑桥雅思9听力音频/Test2/Test2.Section1.mp3
english,剑桥雅思听力音频,listening,mp3,6057058,active,剑桥雅思听力音频/【9】剑桥雅思9听力音频/Test2/Test2.Section2.mp3
english,剑桥雅思听力音频,listening,mp3,6746278,active,剑桥雅思听力音频/【9】剑桥雅思9听力音频/Test2/Test2.Section3.mp3
english,剑桥雅思听力音频,listening,mp3,6031442,active,剑桥雅思听力音频/【9】剑桥雅思9听力音频/Test2/Test2.Section4.mp3
english,剑桥雅思听力音频,listening,mp3,9869688,active,剑桥雅思听力音频/【9】剑桥雅思9听力音频/Test3/Test3.Section1.mp3
english,剑桥雅思听力音频,listening,mp3,5801671,active,剑桥雅思听力音频/【9】剑桥雅思9听力音频/Test3/Test3.Section2.mp3
english,剑桥雅思听力音频,listening,mp3,5790816,active,剑桥雅思听力音频/【9】剑桥雅思9听力音频/Test3/Test3.Section3.mp3
english,剑桥雅思听力音频,listening,mp3,6592046,active,剑桥雅思听力音频/【9】剑桥雅思9听力音频/Test3/Test3.Section4.mp3
english,剑桥雅思听力音频,listening,mp3,6992862,active,剑桥雅思听力音频/【9】剑桥雅思9听力音频/Test4/Test4.Section1.mp3
english,剑桥雅思听力音频,listening,mp3,6544816,active,剑桥雅思听力音频/【9】剑桥雅思9听力音频/Test4/Test4.Section2.mp3
english,剑桥雅思听力音频,listening,mp3,5603451,active,剑桥雅思听力音频/【9】剑桥雅思9听力音频/Test4/Test4.Section4.mp3
english,剑桥雅思听力音频,listening,mp3,6096761,active,剑桥雅思听力音频/【9】剑桥雅思9听力音频/Test4/Test4.Secton3.mp3
english,经济学人,reading,pdf,31261519,active,经济学人/TE_2023.02.04.pdf
english,经济学人,reading,pdf,75641334,active,经济学人/TE_2024.03.30.pdf
english,经济学人,reading,pdf,51072926,active,经济学人/TE_2024.04.13.pdf
english,经济学人,reading,pdf,70756672,active,经济学人/TE_2025.02.22_UK.pdf
english,根目录,general,docx,19054,active,英语语法框架.docx
